Mutation,PythiaScore,CorrectedScore
M1A,-0.4772878885269165,1.036793256163597
M1C,7.586932182312012,1.5531051664352415
M1D,1.312800407409668,1.5103560590744018
M1E,0.0042057037353515625,0.9826098270416259
M1F,4.514746427536011,0.9366382319927216
M1G,1.8198096305131912,1.7258723964244127
M1H,2.3570927381515503,1.1367784470319746
M1I,2.733148694038391,0.5793065606355666
M1K,0.4402679204940796,1.2118388484716416
M1L,3.1374717950820923,0.8539334102869034
M1M,0.0,-0.0
M1N,0.31768691539764404,1.2050646027326584
M1P,4.518721103668213,1.6542145600318907
M1Q,0.48309075832366943,1.195048159956932
M1R,3.907526820898056,0.992591389030218
M1S,0.6344219744205475,1.3689911862909794
M1T,-1.7987368702888489,0.9651831538081169
M1V,0.45290958881378174,0.7086718903779984
M1W,8.468452453613281,0.8969256057739257
M1Y,4.958903908729553,0.7050410667657852
T2A,8.452734470367432,1.1056464982032777
T2C,12.52626085281372,1.0433078236579896
T2D,7.91072416305542,1.2410550036430357
T2E,3.031994342803955,0.19563917970657352
T2F,10.605029582977295,0.5937292895317077
T2G,13.374007225036621,2.1752310476303096
T2H,9.21110200881958,0.9046097912788389
T2I,5.175498962402344,-0.29255265045166023
T2K,3.8803322315216064,0.48464817357063295
T2L,8.6630859375,0.4291474609374999
T2M,8.913991689682007,0.06652879500389086
T2N,6.87024188041687,0.929185072660446
T2P,14.553555488586426,1.8832655458450314
T2Q,4.698385715484619,0.5802659287452696
T2R,6.083521604537964,0.08211063265800478
T2S,6.232483386993408,0.954710091114044
T2T,0.0,-0.0
T2V,3.737544536590576,-0.04105604219436643
T2W,13.203630924224854,0.3575264840126038
T2Y,10.17088794708252,0.23477875232696532
Y3A,18.367741584777832,3.7833225297927857
Y3C,17.501543045043945,3.004723741531372
Y3D,23.41541290283203,4.729234870910645
Y3E,22.310466766357422,4.231017681121826
Y3F,0.9153050780296326,0.4287192363142967
Y3G,25.522157669067383,5.176712862014771
Y3H,9.774674415588379,2.2263277902603145
Y3I,22.977182388305664,3.5286914463043213
Y3K,18.464070320129395,3.839290196418762
Y3L,17.948936462402344,3.0155957870483396
Y3M,16.56232261657715,2.415536779403686
Y3N,18.263195991516113,3.8211634187698365
Y3P,32.635637283325195,5.745167406082153
Y3Q,20.194751739501953,4.067239002227783
Y3R,18.50174045562744,3.1227523660659786
Y3S,19.434221267700195,4.108962083816528
Y3T,20.334946632385254,4.188567261695862
Y3V,18.86037826538086,3.3917548484802245
Y3W,7.505040645599365,0.7712308936119079
Y3Y,0.0,-0.0
K4A,6.776344299316406,0.9405699234008789
K4C,12.942553520202637,1.181670260429382
K4D,7.731260299682617,1.2930327434539794
K4E,7.19115138053894,0.8767169501781464
K4F,14.809031963348389,1.2813096346855162
K4G,9.681614875793457,1.7178341569900515
K4H,7.016445159912109,0.6643845481872559
K4I,12.314578533172607,0.8206138873100279
K4K,0.0,-0.0
K4L,13.305891513824463,1.180354269504547
K4M,11.898719787597656,0.5773143692016602
K4N,5.4541285037994385,0.8018486330509187
K4P,20.713706970214844,2.8544875106811523
K4Q,5.326942205429077,0.7494066197872162
K4R,1.6756575107574463,-0.4790296609401703
K4S,2.626680910587311,0.50986873203516
K4T,-0.45994511246681213,0.01130795869231227
K4V,9.17641830444336,0.8255806541442872
K4W,15.80708646774292,0.8130275378227234
K4Y,13.005720138549805,0.7238294200897217
L5A,6.68255352973938,1.6759702618122099
L5C,7.6024932861328125,1.1563615264892577
L5D,17.05876922607422,3.394521537780762
L5E,16.86836814880371,3.028913381576538
L5F,5.756089448928833,0.7176329700946807
L5G,10.96402382850647,2.652783455133438
L5H,14.57372760772705,2.5091905031204225
L5I,7.555888891220093,0.8796038892269133
L5K,18.15391445159912,3.3813175954818724
L5L,0.0,-0.0
L5M,7.671399831771851,0.7133529756069181
L5N,12.746786117553711,2.6082839870452883
L5P,27.862056732177734,4.639998226165772
L5Q,14.543202877044678,2.8347644171714785
L5R,18.92742347717285,2.7714764041900635
L5S,12.761950969696045,2.7284828906059264
L5T,9.856715679168701,2.2562237734794617
L5V,3.8478087782859802,0.8019322728514671
L5W,10.719203472137451,0.8242845034599304
L5Y,10.28612995147705,1.0784888429641721
I6A,9.108167171478271,2.2436842398643493
I6C,12.185229778289795,2.03685831785202
I6D,8.692872047424316,2.3974664468765257
I6E,6.049672603607178,1.6762025275230408
I6F,9.06558895111084,1.4135103979110717
I6G,14.79947805404663,3.424924317836761
I6H,8.76776933670044,1.8833265538215636
I6I,0.0,-0.0
I6K,3.961514472961426,1.5394195985794066
I6L,4.1102025508880615,0.811979369878769
I6M,11.418896198272705,1.4727399487495423
I6N,4.8615803718566895,1.68092915391922
I6P,25.695213317871094,4.541805931091308
I6Q,6.258541584014893,1.8494885296821595
I6R,8.005442142486572,1.403789110660553
I6S,7.768643379211426,2.220453289985657
I6T,4.420713424682617,1.6840034465789793
I6V,0.7099058330059052,0.5629363457858563
I6W,13.552205562591553,1.451069806575775
I6Y,8.715107440948486,1.0666905789375303
L7A,7.123262882232666,1.7398731179237366
L7C,5.42490816116333,0.8406116833686827
L7D,6.5160205364227295,1.8658229777812958
L7E,5.083006381988525,1.3200359253883363
L7F,3.799758195877075,0.43396493840217587
L7G,13.868189811706543,3.073887522697449
L7H,10.868881940841675,1.9719878814220426
L7I,-3.278000682592392,-0.6913100989758969
L7K,11.315745830535889,2.389783145427704
L7L,0.0,-0.0
L7M,3.1200817823410034,0.053411858439445514
L7N,4.462604999542236,1.4070777249336242
L7P,22.955592155456543,3.9285608625411985
L7Q,6.639190196990967,1.68868257856369
L7R,10.596042156219482,1.5634261126518247
L7S,7.395862817764282,1.9504001085758207
L7T,1.8188448697328568,1.0907325061112643
L7V,-2.188368335366249,-0.07331340862810604
L7W,9.168097496032715,0.5993741369247436
L7Y,4.958483695983887,0.30598013591766354
N8A,10.005948543548584,1.3978625388145445
N8C,12.813938617706299,1.152021099567413
N8D,5.521724224090576,0.9616500124931333
N8E,4.231207609176636,0.4365251033306122
N8F,10.016656398773193,0.575415177822113
N8G,13.879079341888428,2.3154665045738216
N8H,7.8205485343933105,0.7699795374870297
N8I,9.13948392868042,0.34922516965866074
N8K,4.615618705749512,0.6582647123336791
N8L,6.800629615783691,0.22609129428863511
N8M,11.4596848487854,0.5026543030738828
N8N,0.0,-0.0
N8P,26.611818313598633,3.6987136554718014
N8Q,6.652956485748291,0.9306786904335023
N8R,7.554550886154175,0.36240987849235534
N8S,9.235054016113281,1.4570828323364258
N8T,10.115681171417236,1.5337737698554992
N8V,9.915733337402344,0.9217813339233398
N8W,14.361914157867432,0.5924775528907775
N8Y,9.089552879333496,0.14498516750335694
G9A,4.690323829650879,0.3240969552993773
G9C,12.361822128295898,0.7834642086029051
G9D,4.970758438110352,0.578759973526001
G9E,13.63521957397461,1.4971068382263182
G9F,15.45334005355835,1.0607343077659606
G9G,0.0,-0.0
G9H,12.961038589477539,1.212350595474243
G9I,20.02396011352539,1.6244742164611816
G9K,15.629496574401855,1.9522770032882688
G9L,18.509845733642578,1.6209276313781733
G9M,17.12866973876953,1.0216571121215818
G9N,8.436310291290283,0.9202649922370911
G9P,17.553441047668457,2.082248951911926
G9Q,14.531697273254395,1.7700961046218873
G9R,18.188566207885742,1.6013421001434325
G9S,-0.591558426618576,-0.2707759718596935
G9T,7.089934349060059,0.7920404806137085
G9V,17.076165676116943,1.6570440230369567
G9W,16.812768936157227,0.6448514957427978
G9Y,15.040640830993652,0.7048929204940793
K10A,4.4200170040130615,0.598902465581894
K10C,12.301509857177734,1.0887189292907715
K10D,3.965433955192566,0.746987923502922
K10E,3.2682493925094604,0.30789616191387176
K10F,7.602136135101318,0.2363097395896911
K10G,8.047595024108887,1.4809012784957885
K10H,6.312286853790283,0.5622815937995911
K10I,6.841858863830566,0.027069535255432042
K10K,0.0,-0.0
K10L,5.035722017288208,-0.018820307493209842
K10M,10.388557434082031,0.3583408279418944
K10N,3.1005194187164307,0.4605753157138825
K10P,7.586796045303345,0.951085426568985
K10Q,5.148544549942017,0.7235389597415924
K10R,3.467568278312683,-0.21920259964466093
K10S,3.620441436767578,0.653964008331299
K10T,3.7887516021728516,0.6273689823150637
K10V,6.107884407043457,0.3806432390213012
K10W,10.458608150482178,0.037498181819915766
K10Y,7.148944616317749,-0.1254030306339265
T11A,2.2893896102905273,0.21196149349212645
T11C,9.199658870697021,0.5609505362510678
T11D,-0.42862462997436523,0.03184942865371698
T11E,-0.6937495470046997,-0.34459368431568144
T11F,3.8427505493164062,-0.38680117034912115
T11G,4.682108163833618,0.9149056837558744
T11H,2.9525066614151,-0.002886534094810489
T11I,2.402980089187622,-0.6945678870677949
T11K,-1.3288675546646118,-0.2706857954263687
T11L,2.898482918739319,-0.4067199767827988
T11M,6.430692911148071,-0.2935495278835297
T11N,-0.3034948855638504,-0.11100675840675833
T11P,12.269432067871094,1.5520676498413086
T11Q,1.9755918979644775,0.1854608252048493
T11R,0.9553670883178711,-0.6614717721939087
T11S,2.1614022254943848,0.36440332269668585
T11T,0.0,-0.0
T11V,1.195323407649994,-0.4096781058907509
T11W,6.759644031524658,-0.5768516154289246
T11Y,2.961229085922241,-0.810621782541275
L12A,5.371288299560547,1.4858368034362792
L12C,9.104110717773438,1.374096054077148
L12D,7.298712968826294,1.9793133804798126
L12E,4.378595590591431,1.2178963606357573
L12F,3.349465847015381,0.3686725478172302
L12G,11.887683391571045,2.7867140917778013
L12H,2.812242269515991,0.8037751290798187
L12I,-1.4860802292823792,-0.43148163324594496
L12K,0.7207383513450623,0.8535070609450339
L12L,0.0,-0.0
L12M,6.5129313468933105,0.5453750452995301
L12N,3.2466825246810913,1.2307689660787582
L12P,10.555076599121094,2.1304861068725587
L12Q,4.5838844776153564,1.3906632492542266
L12R,2.8275257349014282,0.43699123156070707
L12S,6.1587910652160645,1.7710247044563292
L12T,1.0160176455974579,0.9743225586116313
L12V,-1.6449070572853088,0.005488476693630229
L12W,6.400270462036133,0.19803921699523924
L12Y,2.5323753356933594,-0.045805576324462915
K13A,9.310024738311768,1.3079535870552061
K13C,9.368422031402588,0.6634211945533752
K13D,10.73108720779419,1.7280076451301576
K13E,7.376239538192749,0.9035547330379485
K13F,10.868857860565186,0.709984389781952
K13G,11.839683532714844,2.030754112243652
K13H,7.611840486526489,0.750716870546341
K13I,6.355773448944092,-0.04341284990310673
K13K,0.0,-0.0
K13L,10.585895538330078,0.7859548530578613
K13M,10.706411838531494,0.40442971658706667
K13N,1.3980000019073486,0.21371000027656556
K13P,19.09271240234375,2.6194432983398435
K13Q,2.8182438611984253,0.38564535987377163
K13R,3.009063184261322,-0.2856858382821083
K13S,6.444051027297974,1.063387398958206
K13T,3.0404012203216553,0.51885817694664
K13V,3.271977186203003,-0.03056330800056456
K13W,14.216845989227295,0.5824426684379576
K13Y,11.366118907928467,0.4860872416496275
G14A,12.951051235198975,1.521902429103851
G14C,16.061321258544922,1.3198915824890136
G14D,13.048306465148926,1.7500044374465942
G14E,12.562788486480713,1.341604330539703
G14F,14.43177843093872,0.9126078724861146
G14G,0.0,-0.0
G14H,15.67009162902832,1.6051632862091063
G14I,15.461647987365723,0.9629389581680297
G14K,11.020869255065918,1.284026041984558
G14L,14.205335140228271,0.9967735953330992
G14M,16.355501651763916,0.9095477395057678
G14N,12.768937110900879,1.548495881080627
G14P,21.86696434020996,2.7077098293304442
G14Q,13.52467679977417,1.6240781359672547
G14R,12.22751522064209,0.7369897069931028
G14S,10.919777870178223,1.398367791175842
G14T,12.253033638000488,1.5406898775100708
G14V,14.826431274414062,1.330832534790039
G14W,17.230998039245605,0.7054947156906126
G14Y,14.733872413635254,0.6604114999771116
E15A,6.918776988983154,1.1272226634025575
E15C,10.847715377807617,1.0439187297821042
E15D,9.574028491973877,1.726234131336212
E15E,0.0,-0.0
E15F,10.415092945098877,0.810188477039337
E15G,12.706789016723633,2.322484407424927
E15H,10.78696870803833,1.3771104626655577
E15I,4.268009781837463,-0.18013858163356788
E15K,6.250349044799805,1.0723006114959717
E15L,7.272777080535889,0.47155267667770384
E15M,8.803297996520996,0.29447820949554426
E15N,8.539698362350464,1.4152562625408172
E15P,18.685693740844727,2.726425592422485
E15Q,5.228441476821899,0.9011240141391754
E15R,7.863102912902832,0.5841499223709106
E15S,6.086704969406128,1.1775722205638885
E15T,2.0174248218536377,0.5365265991687774
E15V,2.637533664703369,0.043442381381988526
E15W,13.756269454956055,0.6816590709686279
E15Y,9.926376342773438,0.4433245697021484
T16A,6.136444568634033,0.7697844624519348
T16C,5.78669548034668,0.06607084465026847
T16D,7.455173492431641,1.1750001564025878
T16E,5.669881582260132,0.578132829427719
T16F,5.23479962348938,-0.18495405459403996
T16G,7.623745918273926,1.341443158149719
T16H,8.489699363708496,0.8000064077377318
T16I,-3.5623547434806824,-1.5595414378046988
T16K,4.022244095802307,0.5052253938913345
T16L,0.8517391085624695,-0.703497829258442
T16M,2.793708473443985,-0.8209122713506222
T16N,6.716643810272217,0.9069133524894715
T16P,17.207826137542725,2.268134789943695
T16Q,4.661208987236023,0.5748753031492233
T16R,3.1615006923675537,-0.3415823996067047
T16S,4.668512463569641,0.7279343072175981
T16T,0.0,-0.0
T16V,-0.8581328690052032,-0.7074292660057544
T16W,7.889685153961182,-0.41299565267562866
T16Y,7.286964416503906,-0.1833901596069336
T17A,8.230077743530273,1.0733612728118895
T17C,12.15406322479248,0.9893391675949095
T17D,8.03022289276123,1.2583823194503785
T17E,2.999083995819092,0.1908671793937683
T17F,9.488130569458008,0.431778932571411
T17G,12.975643157958984,2.1174682579040525
T17H,9.63414716720581,0.9659513392448424
T17I,9.505191802978516,0.33525281143188457
T17K,7.252029657363892,0.9735443003177642
T17L,12.592791557312012,0.9989547758102417
T17M,10.698492050170898,0.3252813472747802
T17N,9.17553186416626,1.2634521203041076
T17P,21.13777446746826,2.8379772977828974
T17Q,5.835902690887451,0.7452058901786802
T17R,9.019087314605713,0.5077676606178283
T17S,3.0773849487304688,0.49722081756591796
T17T,0.0,-0.0
T17V,6.836219549179077,0.40825183463096615
T17W,11.076908588409424,0.04915174531936639
T17Y,9.227855205535889,0.09803900480270378
T18A,4.445255994796753,0.5245621192455292
T18C,-0.6458721160888672,-0.8666514568328858
T18D,11.483893871307373,1.7591646113395691
T18E,8.67135500907898,1.013346476316452
T18F,6.295259952545166,-0.031187306880951005
T18G,6.996157169342041,1.2504427895545958
T18H,10.77175235748291,1.1309040918350217
T18I,-0.9276210777461529,-1.1775050562731921
T18K,8.747606992721558,1.1904030139446258
T18L,1.7178577333688736,-0.5779106286615133
T18M,3.208726406097412,-0.7607346711158752
T18N,9.119706392288208,1.2553574268817902
T18P,26.65089702606201,3.6373800687789917
T18Q,7.880782842636108,1.0417135121822356
T18R,8.858192920684814,0.48443797349929807
T18S,8.220167875289917,1.242924341917038
T18T,0.0,-0.0
T18V,-3.0509268045425415,-1.0253843866586685
T18W,12.548007011413574,0.2624610166549681
T18Y,10.115261554718018,0.22671292543411248
E19A,5.282527685165405,0.8899665143489837
E19C,11.12767219543457,1.0845124683380125
E19D,2.3833600282669067,0.6835872040987014
E19E,0.0,-0.0
E19F,7.0266454219818115,0.31886358618736255
E19G,9.30771017074585,1.8296179747581478
E19H,5.548531770706177,0.6175371067523956
E19I,3.7871313095092773,-0.24986596012115492
E19K,1.8718346953392029,0.43741603082418434
E19L,5.893510341644287,0.27155899953842155
E19M,9.439863204956055,0.38678016471862775
E19N,3.1033977270126343,0.6269926704168319
E19P,16.622028350830078,2.427194110870361
E19Q,2.3628013134002686,0.4856061904430389
E19R,5.039454221725464,0.17472086215019217
E19S,3.5879476070404053,0.8152524030208588
E19T,0.3987734317779541,0.30182214760780335
E19V,1.572266846895218,-0.1110213072001934
E19W,10.125893592834473,0.15525457096099848
E19Y,6.626913547515869,-0.035097535610199015
A20A,0.0,-0.0
A20C,9.873981475830078,0.7787273139953613
A20D,13.190904140472412,2.1266811003684993
A20E,10.970101833343506,1.4666647658348082
A20F,16.783257961273193,1.609572404384613
A20G,11.852141857147217,2.0745605692863465
A20H,15.133351802825928,1.8833360114097593
A20I,26.337202072143555,2.895894300460815
A20K,16.572856903076172,2.4450642509460447
A20L,20.093045234680176,2.206491559028625
A20M,15.106157302856445,1.0843928089141848
A20N,12.900182247161865,1.92352642583847
A20P,22.746421813964844,3.1912311630249017
A20Q,12.464912414550781,1.826412300109863
A20R,17.140978813171387,1.8054419279098508
A20S,6.788085460662842,1.155272391796112
A20T,14.278764724731445,2.1904208850860596
A20V,16.556560516357422,1.9377012748718259
A20W,21.055728912353516,1.6160806922912596
A20Y,16.786344528198242,1.3140199565887447
V21A,-4.633843302726746,-0.20890727889537805
V21C,8.368384838104248,1.023415801525116
V21D,-3.5714454650878906,0.1591404075622558
V21E,-4.140661001205444,-0.2613958451747894
V21F,4.766272306442261,0.3301094844341278
V21G,0.8078634440898895,0.936140199393034
V21H,3.831205129623413,0.7075247437953949
V21I,2.44977867603302,-0.10478209197521218
V21K,-2.6524025201797485,0.12040163457393646
V21L,1.8362441062927246,0.022255395412445006
V21M,4.708155393600464,0.039682532072067206
V21N,0.016681581735610962,0.5184188293516636
V21P,-3.516984224319458,-0.1539627125263214
V21Q,-0.4539320170879364,0.4161798575222493
V21R,0.8982871174812317,-0.08674836796522142
V21S,-2.520053744316101,0.2685922070741654
V21T,-1.2984746098518372,0.3947211815714836
V21V,0.0,-0.0
V21W,7.108004808425903,0.05666069722175607
V21Y,4.9757163524627686,0.0644788711071014
D22A,16.648877143859863,2.20008718585968
D22C,14.71963357925415,1.2673468689918517
D22D,0.0,-0.0
D22E,13.519890785217285,1.6223841638565064
D22F,22.63148307800293,2.243565046310424
D22G,13.119578838348389,2.044338931560516
D22H,14.492947578430176,1.5764773988723753
D22I,21.66140365600586,2.003903530120849
D22K,14.447232723236084,1.9228487448692317
D22L,21.119437217712402,2.141318396568298
D22M,20.937911987304688,1.7159972381591793
D22N,1.4544815421104431,0.049899823606014304
D22P,29.836620330810547,4.005309947967529
D22Q,16.58062171936035,2.2091901493072506
D22R,16.97383975982666,1.5672067651748653
D22S,10.499266624450684,1.479393660545349
D22T,15.490933895111084,2.1521854147911066
D22V,21.51527500152588,2.442714875221252
D22W,21.77507972717285,1.5063865604400632
D22Y,20.89069652557373,1.6951509962081905
A23A,0.0,-0.0
A23C,9.525643825531006,0.7282183547019959
A23D,9.391377925872803,1.5757497992515561
A23E,5.263931035995483,0.6392700002193449
A23F,6.222069978713989,0.07820014691352833
A23G,7.161818742752075,1.3944637176990509
A23H,8.4794020652771,0.9185132994651793
A23I,3.1147744357585907,-0.47135770681500444
A23K,1.3305366337299347,0.23492781189084055
A23L,4.89859139919281,0.0032957528829574145
A23M,5.45441472530365,-0.3151098648309708
A23N,8.607779264450073,1.3011279933452604
A23P,4.131417274475098,0.49205550479888915
A23Q,3.7385679483413696,0.5610923525094986
A23R,1.6474182456731796,-0.44112435437738895
A23S,2.966129779815674,0.6010888180732726
A23T,4.935370445251465,0.8356287145614624
A23V,2.6005131155252457,-0.08592559824883939
A23W,8.123802661895752,-0.2590486140251159
A23Y,8.272108554840088,0.0794557404518127
A24A,0.0,-0.0
A24C,12.035982131958008,1.092217409133911
A24D,3.3671964406967163,0.7022434839010238
A24E,2.1242566108703613,0.1840172085762023
A24F,9.336400032043457,0.5297780046463013
A24G,4.832024335861206,1.0566435286998748
A24H,7.996668100357056,0.8485168745517729
A24I,7.968245029449463,0.23239552927017204
A24K,1.7044842541217804,0.2891502168476582
A24L,6.7502076625823975,0.27178011107444744
A24M,10.021769523620605,0.3471565809249878
A24N,5.122379541397095,0.7957450335025787
A24P,3.5810407400131226,0.4122509073019027
A24Q,4.3488441705703735,0.649582404732704
A24R,5.716712474822998,0.14892330884933458
A24S,1.3560063540935516,0.36762092134356505
A24T,4.6725834608078,0.797524601817131
A24V,5.858501195907593,0.3864826734066009
A24W,10.758683204650879,0.12300906467437744
A24Y,9.310277938842773,0.2299903011322021
T25A,3.422666549682617,0.3762866497039794
T25C,12.166718482971191,0.9911741800308225
T25D,2.149818181991577,0.4057236363887786
T25E,-1.6445488929748535,-0.4824595894813537
T25F,8.079085350036621,0.22746737575531006
T25G,10.7029128074646,1.787922357082367
T25H,6.183894157409668,0.4656646528244017
T25I,5.392099618911743,-0.26114555525779737
T25K,4.887304067611694,0.6306590898036957
T25L,3.3821799755096436,-0.33658390355110174
T25M,7.0706586837768555,-0.20075449085235597
T25N,4.1363372802734375,0.5327689056396483
T25P,21.280485153198242,2.858670347213745
T25Q,1.3203722834587097,0.09045398110151293
T25R,6.645946025848389,0.1636621737480164
T25S,4.108818054199219,0.6467786178588868
T25T,0.0,-0.0
T25V,3.366544246673584,-0.09485108423233035
T25W,11.613653182983398,0.1269797115325928
T25Y,7.257253408432007,-0.187698255777359
A26A,0.0,-0.0
A26C,15.54245138168335,1.6006554503440853
A26D,19.028854370117188,2.973183883666992
A26E,19.70133113861084,2.7326930150985715
A26F,12.919960975646973,1.049394341468811
A26G,8.752784729003906,1.6251537857055665
A26H,18.576056480407715,2.3825281896591184
A26I,24.81959629058838,2.6758414621353146
A26K,21.134366035461426,3.1064830751419064
A26L,22.84983730316162,2.6062264089584346
A26M,17.812947750091553,1.4768774237632751
A26N,18.262126922607422,2.7010084037780757
A26P,25.458962440490723,3.5845495538711543
A26Q,18.495739936828613,2.700882290840149
A26R,22.691856384277344,2.6103191757202144
A26S,9.079662799835205,1.4875511059761046
A26T,20.36144256591797,3.0724091720581055
A26V,20.142356872558594,2.457641746520996
A26W,18.014634132385254,1.1751219491958618
A26Y,14.541727542877197,0.9885504937171935
E27A,-1.0678078532218933,-0.030832138717174523
E27C,8.458950996398926,0.697547894477844
E27D,6.516098499298096,1.2828342823982237
E27E,0.0,-0.0
E27F,3.6757787466049194,-0.1670120817422867
E27G,4.020306348800659,1.0629444205760956
E27H,5.342954874038696,0.5877284567356109
E27I,3.4246820211410522,-0.3024211069345475
E27K,-2.035556197166443,-0.1291556485891342
E27L,2.4994243383407593,-0.22058347094058994
E27M,3.51021945476532,-0.47301817905902865
E27N,5.5030677318573,0.9749448211193084
E27P,21.75974941253662,3.1721636648178095
E27Q,0.2442002296447754,0.17840903329849245
E27R,-0.17713341861963272,-0.5816843456998467
E27S,4.196731090545654,0.9035260081291199
E27T,6.172989845275879,1.1390835275650024
E27V,5.069384813308716,0.3960607979297638
E27W,6.817114353179932,-0.32451841878890997
E27Y,3.9415940046310425,-0.4244688693284989
K28A,0.16890965402126312,-0.01750810016691684
K28C,10.312640190124512,0.8003328275680541
K28D,2.454383432865143,0.5278855977654457
K28E,0.015706315636634827,-0.16372258423268793
K28F,8.612907886505127,0.3828716435432435
K28G,3.6528122425079346,0.8436577751636505
K28H,6.626002311706543,0.6077703351974488
K28I,5.078266859054565,-0.22865130543708806
K28K,0.0,-0.0
K28L,4.5061354637146,-0.09561035776138305
K28M,7.224556922912598,-0.10043924617767336
K28N,2.6878573894500732,0.40073932147026053
K28P,17.73640251159668,2.4227783641815184
K28Q,0.9170790165662766,0.1099764574021101
K28R,1.900618314743042,-0.4464103443622589
K28S,2.1737919449806213,0.4441998320221902
K28T,2.2859901189804077,0.40946856725215913
K28V,4.082981109619141,0.08703226089477539
K28W,9.702686309814453,-0.07211048507690437
K28Y,7.919875621795654,-0.013618034839630255
V29A,0.9998064488172531,0.6079719350785017
V29C,8.531542778015137,1.0470737028121948
V29D,3.3059942722320557,1.156369169473648
V29E,0.037034961860626936,0.3443700694697909
V29F,4.486437559127808,0.28953344607353204
V29G,8.323185443878174,2.0258618893623352
V29H,5.561797857284546,0.958460689306259
V29I,-4.628119707107544,-1.131077357530594
V29K,-2.117241621017456,0.19799996495246888
V29L,-1.8298317193984985,-0.5093255993127823
V29M,0.38875968754291534,-0.5866298453062773
V29N,4.563609600067139,1.177723392009735
V29P,20.272056579589844,3.295448204040527
V29Q,-2.5441378355026245,0.11310001385211946
V29R,1.5633091926574707,0.009679832935333227
V29S,3.484361410140991,1.1392324044704436
V29T,-0.9575359560549259,0.4441572863720358
V29V,0.0,-0.0
V29W,6.151521921157837,-0.0820293214321137
V29Y,3.8933932781219482,-0.0924579746723175
F30A,7.105693459510803,1.8543255516290664
F30C,11.58207392692566,1.8504007194042205
F30D,16.724120616912842,3.4629974894523623
F30E,14.35181474685669,2.78101313829422
F30F,0.0,-0.0
F30G,8.987632751464844,2.4832067489624023
F30H,11.190048933029175,2.13555709528923
F30I,6.7367260456085205,0.8778252766132353
F30K,16.825383186340332,3.305680562019348
F30L,9.305892825126648,1.4663544596433638
F30M,7.594562411308289,0.8192115496397017
F30N,10.990714311599731,2.470653575181961
F30P,27.98789405822754,4.775244638442993
F30Q,10.90921401977539,2.4248360328674314
F30R,17.34661340713501,2.659258944034576
F30S,12.113002061843872,2.7513852989673615
F30T,12.309192657470703,2.7288329353332523
F30V,8.832471370697021,1.641708348751068
F30W,6.20031476020813,0.2860456402301788
F30Y,5.304645776748657,0.4731736376285553
K31A,3.3658241033554077,0.44604449498653403
K31C,10.248060703277588,0.7909688019752501
K31D,7.07591986656189,1.198008380651474
K31E,4.168181896209717,0.43838637495040894
K31F,9.144842147827148,0.4600021114349366
K31G,7.292988538742065,1.3714833381175995
K31H,7.181779384613037,0.6883580107688902
K31I,6.42783522605896,-0.03296389222145085
K31K,0.0,-0.0
K31L,5.535676717758179,0.05367312407493585
K31M,7.703189134597778,-0.031037575483322144
K31N,6.001307010650635,0.881189516544342
K31P,21.13074493408203,2.9149580154418944
K31Q,3.3549304008483887,0.4634649081230164
K31R,0.6999581158161163,-0.6205060732066632
K31S,3.659161925315857,0.6595784791707993
K31T,2.0097235441207886,0.3694099138975144
K31V,7.084828615188599,0.5223001492023469
K31W,9.84201955795288,-0.051907164096832326
K31Y,8.775599002838135,0.11046185541152947
Q32A,2.487316608428955,0.3416609082221984
Q32C,13.558821678161621,1.2940291433334348
Q32D,2.8612003326416016,0.609874048233032
Q32E,3.5416688919067383,0.370541989326477
Q32F,14.21858263015747,1.2186944813728333
Q32G,4.9861263036727905,1.0599883140325546
Q32H,9.219019889831543,1.0067578840255735
Q32I,11.002923488616943,0.6534239058494566
Q32K,1.513780117034912,0.24249811697006218
Q32L,9.190706253051758,0.6066524066925048
Q32M,11.128174781799316,0.48858534336090087
Q32N,4.169781684875488,0.6386183443069458
Q32P,20.90164279937744,2.9047382059097284
Q32Q,0.0,-0.0
Q32R,4.411174178123474,-0.059379744172096294
Q32S,4.236082553863525,0.7662319703102112
Q32T,4.160104751586914,0.7042151889801025
Q32V,10.319775104522705,1.0143673901557921
Q32W,15.265384674072266,0.7574807777404784
Q32Y,13.878032684326172,0.8733147392272949
Y33A,11.218891620635986,2.746739284992218
Y33C,14.250218868255615,2.5332817358970643
Y33D,14.239648818969727,3.3987490787506105
Y33E,11.463659286499023,2.6582305965423583
Y33F,0.6815923601388931,0.39483089222013945
Y33G,16.43742275238037,3.8594262990951536
Y33H,7.2737507820129395,1.863693863391876
Y33I,4.073899269104004,0.7877153940200805
Y33K,8.198092460632324,2.350723406791687
Y33L,2.0423497557640076,0.7091407145857811
Y33M,6.333194375038147,0.9323131843805312
Y33N,13.045393466949463,3.0645820527076717
Y33P,26.467005729675293,4.850715830802917
Y33Q,9.145113468170166,2.465041452884674
Y33R,9.918670177459717,1.8782071757316587
Y33S,12.73042106628418,3.136911054611206
Y33T,9.636373043060303,2.637274091243744
Y33V,9.655714511871338,2.057078604221344
Y33W,2.9138938188552856,0.10551460373401644
Y33Y,0.0,-0.0
A34A,0.0,-0.0
A34C,-2.5244898796081543,-1.0190510325431825
A34D,21.197062492370605,3.2875740613937374
A34E,16.564038276672363,2.2777855501174926
A34F,14.222418308258057,1.2382506546974184
A34G,13.560407161712646,2.3222590384483337
A34H,21.763379096984863,2.844689969062805
A34I,8.93408751487732,0.3724426896572113
A34K,19.203203201293945,2.8264644641876218
A34L,7.613821029663086,0.3970040493011474
A34M,9.448489665985107,0.26403100156784054
A34N,17.57673931121826,2.601627200126648
A34P,22.419833183288574,3.143875811576843
A34Q,16.926383018493652,2.4733255376815797
A34R,19.758280754089355,2.184950709342956
A34S,8.466120719909668,1.3985875043869016
A34T,6.3733134269714355,1.044130446910858
A34V,3.6468938887119293,0.06579961386322974
A34W,17.72297191619873,1.1328309278488158
A34Y,15.852133750915527,1.1785593938827512
N35A,-3.099693775177002,-0.5024555974006653
N35C,6.742199659347534,0.2716189506053924
N35D,-0.8396964967250824,0.03924400797486305
N35E,-1.6594483852386475,-0.41762001585960384
N35F,3.89064359664917,-0.3128566784858704
N35G,2.864769220352173,0.718391536951065
N35H,1.307782769203186,-0.17437149846553807
N35I,3.7161418199539185,-0.4371594361066819
N35K,-4.355677843093872,-0.6425732872486114
N35L,1.8249118328094482,-0.49538778424263
N35M,5.014521837234497,-0.431894333600998
N35N,0.0,-0.0
N35P,15.084362506866455,2.0272325634956356
N35Q,-1.032655656337738,-0.18373507016897198
N35R,-1.8501265347003937,-1.0012683475315571
N35S,-0.9217024445533752,-0.015646854460239334
N35T,0.20726817846298218,0.09705388587713243
N35V,4.375149488449097,0.11839667582511898
N35W,5.945685148239136,-0.6278756535053254
N35Y,3.0537716150283813,-0.7302031158208847
D36A,0.8062360286712646,-0.0970957758426666
D36C,11.498213291168213,0.8002409272193908
D36D,0.0,-0.0
D36E,0.41565386950969696,-0.2777301889210939
D36F,9.64295482635498,0.3602284498214722
D36G,5.381710767745972,0.9223480613231657
D36H,8.226257085800171,0.6678072774410247
D36I,8.408987522125244,0.08230319070816039
D36K,1.6109711527824402,0.061590817153453825
D36L,5.039774179458618,-0.19023274397850037
D36M,7.043644189834595,-0.2986715924739839
D36N,1.3444921970367432,0.03395136857032777
D36P,19.1677827835083,2.458328503608703
D36Q,2.4119818210601807,0.1547373640537263
D36R,3.763356566429138,-0.34831329786777493
D36S,1.874152660369873,0.22875213575363162
D36T,6.031752824783325,0.7806041595935821
D36V,7.956532001495361,0.4766971402168273
D36W,11.671494483947754,0.04136670017242439
D36Y,9.443883895874023,0.0353631649017333
N37A,7.255641937255859,0.9990680809020995
N37C,8.178502082824707,0.4798828020095824
N37D,13.089953899383545,2.0590433154106136
N37E,8.585978031158447,1.0679668145179748
N37F,7.949786424636841,0.27571903157234195
N37G,13.51240873336792,2.262299266338348
N37H,0.22165748476982117,-0.3318596647083759
N37I,3.812910556793213,-0.42312796926498425
N37K,1.8062463402748108,0.25090571933984746
N37L,4.789809465408325,-0.06547762751579289
N37M,8.24443006515503,0.036442359447479256
N37N,0.0,-0.0
N37P,24.679462432861328,3.4185220527648923
N37Q,4.360789656639099,0.5983145002126693
N37R,3.6072733402252197,-0.20994536566734312
N37S,8.55094289779663,1.3578867201805114
N37T,7.880612134933472,1.2096887595653532
N37V,4.4057207107543945,0.12282950305938717
N37W,11.736141681671143,0.21174054384231572
N37Y,6.867345333099365,-0.1772349267005921
G38A,16.313022136688232,2.0093882098197935
G38C,21.365453720092773,2.088990789413452
G38D,15.075847148895264,2.043997836589813
G38E,16.653301239013672,1.9347286796569825
G38F,19.67378330230713,1.6726985788345332
G38G,0.0,-0.0
G38H,17.569809436798096,1.880622368335724
G38I,22.109230995178223,1.926838494300842
G38K,14.302180767059326,1.759816211223602
G38L,18.255175590515137,1.5840004606246945
G38M,21.370542526245117,1.6367286663055416
G38N,13.143810749053955,1.6028525586128235
G38P,25.2398624420166,3.196780054092407
G38Q,16.723790168762207,2.0879495744705197
G38R,17.060118675231934,1.43771720790863
G38S,14.436085224151611,1.9082323575019835
G38T,18.33484649658203,2.422552742004394
G38V,22.143877029418945,2.391862169265747
G38W,23.38351535797119,1.5976097269058225
G38Y,19.57151222229004,1.3618692722320556
V39A,9.845013618469238,1.8905269746780395
V39C,9.02860975265503,1.1191484141349792
V39D,17.489699363708496,3.2130064077377316
V39E,12.355070114135742,2.1304851665496822
V39F,7.43150520324707,0.7165682544708252
V39G,18.40542507171631,3.4877866353988645
V39H,11.339872360229492,1.7962814922332762
V39I,-4.649946212768555,-1.1342422008514403
V39K,14.242855072021484,2.570213985443115
V39L,-3.1879591941833496,-0.7062540831565858
V39M,5.958658695220947,0.22100551080703726
V39N,12.824206352233887,2.3755099210739132
V39P,31.408778190612793,4.910272837638855
V39Q,9.311749935150146,1.832203740596771
V39R,14.35835075378418,1.864960859298706
V39S,13.908905982971191,2.6507913675308226
V39T,11.030541896820068,2.18242857503891
V39V,0.0,-0.0
V39W,11.804745197296143,0.7376880536079407
V39Y,7.916828393936157,0.4909401171207426
D40A,2.0685999393463135,0.08594699120521543
D40C,6.915491104125977,0.13574621009826648
D40D,0.0,-0.0
D40E,1.6235064268112183,-0.10259156811237335
D40F,6.217592716217041,-0.13644905614852915
D40G,6.465890169143677,1.079554074525833
D40H,3.2500154972076416,-0.05374775290489198
D40I,7.129756927490234,-0.10318524551391617
D40K,-0.43194736540317535,-0.23463236798346043
D40L,6.402042388916016,0.007296146392822167
D40M,8.965316534042358,-0.020029102563858037
D40N,-1.3380538821220398,-0.35501781290769574
D40P,12.628726482391357,1.5101653399467465
D40Q,2.820335626602173,0.2139486658573151
D40R,3.404147744178772,-0.40039857709407806
D40S,0.17968718707561493,-0.016945357874035727
D40T,3.028455376625061,0.3451260296106339
D40V,5.533637642860413,0.12537745821475987
D40W,8.676451683044434,-0.39291450595855715
D40Y,5.904375791549683,-0.477865510225296
G41A,17.763429641723633,2.2196972980499265
G41C,23.931174278259277,2.461020270347595
G41D,22.029629707336426,3.0522963075637817
G41E,22.025989532470703,2.713768482208252
G41F,26.158252716064453,2.6129466438293454
G41G,0.0,-0.0
G41H,26.258309364318848,3.140454857826233
G41I,25.332358360290527,2.394191962242126
G41K,19.723971366882324,2.5459758481979367
G41L,22.92321014404297,2.26086547088623
G41M,24.92937183380127,2.152758915901184
G41N,21.424945831298828,2.80361714553833
G41P,25.425676345825195,3.223723070144653
G41Q,23.008609771728516,2.999248416900634
G41R,22.398886680603027,2.2118385686874387
G41S,19.060453414916992,2.5787657451629635
G41T,23.7406644821167,3.2063963499069215
G41V,24.871514320373535,2.7873695764541626
G41W,29.488676071166992,2.4828580303192136
G41Y,25.856005668640137,2.2731208219528196
E42A,1.422790288925171,0.33030459189414973
E42C,10.228328227996826,0.9541075930595397
E42D,0.6296727359294891,0.42930254670977586
E42E,0.0,-0.0
E42F,7.799611568450928,0.43094367742538453
E42G,6.113743305206299,1.3664927792549133
E42H,5.771278142929077,0.6498353307247162
E42I,5.586064100265503,0.010979294538497775
E42K,0.5012222528457642,0.2386772266626358
E42L,6.296592712402344,0.33000594329833977
E42M,8.960604667663574,0.3172876768112183
E42N,0.7208508551120758,0.28152337399125094
E42P,16.23699140548706,2.3713637537956234
E42Q,2.120581865310669,0.45048437047004697
E42R,4.692910671234131,0.12447204732894895
E42S,0.5962182581424713,0.3814516474306584
E42T,-0.09619224071502686,0.23005212509632111
E42V,3.0430420637130737,0.10224109923839564
E42W,11.290120124816895,0.32406741809844974
E42Y,7.459985017776489,0.08569782757759081
W43A,4.570963144302368,2.0997896559238436
W43C,6.84721565246582,1.7768462696075438
W43D,10.447375297546387,3.1658694181442257
W43E,4.311659932136536,1.9381906901597976
W43F,3.1735817193984985,1.0731693493127823
W43G,7.651731967926025,2.9025011353492736
W43H,7.76888632774353,2.2524885175228118
W43I,3.1014145016670227,0.9637051027417182
W43K,6.421586513519287,2.4101300444602964
W43L,6.209056377410889,1.6303131747245787
W43M,6.09896993637085,1.215350640773773
W43N,9.732561588287354,2.901221430301666
W43P,13.30059814453125,3.258586730957031
W43Q,7.388616323471069,2.527349366903305
W43R,5.83082127571106,1.6024690849781036
W43S,3.468269109725952,2.1108990209102627
W43T,-0.2347061075270176,1.5229676144085824
W43V,1.2303164303302765,1.1523958823978901
W43W,0.0,-0.0
W43Y,2.773798704147339,0.719200812101364
T44A,1.3366941809654236,0.07382065623998635
T44C,9.620895862579346,0.6220299000740048
T44D,2.4907007217407227,0.4551516046524047
T44E,3.836909055709839,0.3123518130779266
T44F,9.232511520385742,0.3947141704559325
T44G,4.860659599304199,0.9407956418991088
T44H,6.10161566734314,0.4537342717647552
T44I,9.661518573760986,0.35792019319534296
T44K,2.559345066547394,0.293105034649372
T44L,8.834668159484863,0.45402688312530515
T44M,9.558343887329102,0.15995986366271975
T44N,2.287061870098114,0.2646239711642264
T44P,18.7508487701416,2.4918730716705317
T44Q,3.847602605819702,0.4569023778438568
T44R,4.745392560958862,-0.11191807866096498
T44S,-2.410461187362671,-0.2985168721675872
T44T,0.0,-0.0
T44V,7.1841723918914795,0.45870499682426447
T44W,8.75456953048706,-0.28758741807937627
T44Y,8.954545974731445,0.058409166336059526
Y45A,11.699250221252441,2.8163912820816037
Y45C,13.753413200378418,2.4612449140548702
Y45D,17.889654636383057,3.9279999222755433
Y45E,12.651183128356934,2.8304215536117554
Y45F,2.0572323203086853,0.5942986864447594
Y45G,15.930536270141602,3.7859277591705323
Y45H,7.645366191864014,1.9175780978202819
Y45I,9.74078893661499,1.6094143958091736
Y45K,8.590535163879395,2.407627598762512
Y45L,8.702332496643066,1.6748382120132446
Y45M,12.04627275466919,1.7607095494270324
Y45N,13.898260116577148,3.1882477169036862
Y45P,22.259265899658203,4.240593555450439
Y45Q,10.81139326095581,2.7066520228385924
Y45R,7.259619951248169,1.4926448929309843
Y45S,12.084376335144043,3.043234568595886
Y45T,12.575751304626465,3.0634839391708373
Y45V,10.496109008789062,2.178935806274414
Y45W,2.272704839706421,0.012542201757431037
Y45Y,0.0,-0.0
D46A,12.563467502593994,1.607702787876129
D46C,13.83018970489502,1.1383775072097775
D46D,0.0,-0.0
D46E,8.400944232940674,0.8801369137763976
D46F,16.71733570098877,1.3860136766433717
D46G,19.56369686126709,2.978736044883728
D46H,13.139703750610352,1.3802570438385007
D46I,11.217450618743896,0.48953033971786486
D46K,11.582194328308105,1.5074181776046753
D46L,13.994030952453613,1.1081344881057738
D46M,16.869234085083008,1.1260389423370363
D46N,2.383725166320801,0.18464014911651605
D46P,28.52528953552246,3.815166982650757
D46Q,11.25559377670288,1.4370610976219176
D46R,12.764220714569092,0.9568120036125182
D46S,10.203970909118652,1.4365757818222042
D46T,9.205763339996338,1.2408356842994688
D46V,9.704689502716064,0.7301799778938293
D46W,18.29387092590332,1.0016112842559814
D46Y,16.275626182556152,1.0259657964706417
D47A,-2.9532957077026367,-0.6422278776168823
D47C,9.030431985855103,0.4424126379489898
D47D,0.0,-0.0
D47E,-1.4308974742889404,-0.5454801337718963
D47F,3.5197768211364746,-0.5276323609352112
D47G,2.581939697265625,0.5163812561035156
D47H,3.324726104736328,-0.04291471481323239
D47I,4.041764974594116,-0.5509440786838532
D47K,0.4245509207248688,-0.11044011649489405
D47L,2.259016692638397,-0.5934425795674324
D47M,3.3136425018310547,-0.839521837234497
D47N,2.5952510833740234,0.21531140708923335
D47P,-3.8379480838775635,-0.8775024721622466
D47Q,2.046605885028839,0.10175785332918175
D47R,2.071701407432556,-0.5936032959222793
D47S,-0.6833856254816055,-0.14209091569483273
D47T,3.153825044631958,0.36330463147163383
D47V,3.852660894393921,-0.11836417031288149
D47W,7.0841357707977295,-0.6238003132343292
D47Y,3.1245839595794678,-0.8809353258609771
A48A,0.0,-0.0
A48C,13.730026721954346,1.33785387468338
A48D,4.171771287918091,0.818906836748123
A48E,3.4907158613204956,0.3821537998914718
A48F,11.274618148803711,0.810819631576538
A48G,5.028140544891357,1.0850803790092467
A48H,9.718037128448486,1.0981153836250304
A48I,10.525678157806396,0.6032233328819274
A48K,2.3330676555633545,0.3802948100566864
A48L,8.35945200920105,0.5051205413341521
A48M,11.274579048156738,0.5288139619827269
A48N,4.551458835601807,0.712961531162262
A48P,10.689754962921143,1.4430144696235656
A48Q,5.535536766052246,0.8216528310775756
A48R,4.937375545501709,0.035919454097747716
A48S,0.5461597442626953,0.2501931629180908
A48T,4.6367573738098145,0.792329819202423
A48V,8.420554161071777,0.7579803533554076
A48W,13.87805700302124,0.5753182654380796
A48Y,11.342396259307861,0.5246474575996397
T49A,9.015925884246826,1.1873092532157898
T49C,14.592774868011475,1.3429523558616638
T49D,8.162109613418579,1.2775058939456938
T49E,7.412377595901489,0.8307947514057159
T49F,12.658453941345215,0.891475821495056
T49G,13.322638511657715,2.167782584190369
T49H,9.541872024536133,0.952571443557739
T49I,11.044682025909424,0.5584788937568661
T49K,6.542500734329224,0.8706626064777374
T49L,11.043664455413818,0.7743313460350036
T49M,13.742609024047852,0.7666783084869384
T49N,6.197219371795654,0.8315968089103698
T49P,23.247045516967773,3.1438215999603267
T49Q,8.456462860107422,1.125187114715576
T49R,8.582090854644775,0.4444031739234924
T49S,3.3222246170043945,0.5327225694656372
T49T,0.0,-0.0
T49V,8.181145668029785,0.6032661218643187
T49W,16.093104362487793,0.7765001325607299
T49Y,12.313935279846191,0.5455206155776977
K50A,4.5306373834609985,0.6149424206018448
K50C,8.555920600891113,0.5456084871292113
K50D,5.738677024841309,1.0041081686019897
K50E,6.554620265960693,0.7844199385643007
K50F,7.520742416381836,0.22450765037536619
K50G,6.469177961349487,1.2520308043956756
K50H,3.2399513721466064,0.11679294896125797
K50I,14.734539031982422,1.171508159637451
K50K,0.0,-0.0
K50L,4.931615710258484,-0.03391572201251991
K50M,6.046945333480835,-0.271192926645279
K50N,1.1082244217395782,0.1716925411522388
K50P,19.359725952148438,2.6581602630615233
K50Q,2.8509715795516968,0.3903908790349961
K50R,0.3475622683763504,-0.6716034710854292
K50S,3.9280152320861816,0.6985622086524965
K50T,10.29143476486206,1.5702580409049987
K50V,13.317831993103027,1.426085638999939
K50W,9.49788761138916,-0.1018062963485718
K50Y,6.676661968231201,-0.19388401460647592
T51A,13.606250286102295,1.8529062914848324
T51C,13.040568351745605,1.1178824110031125
T51D,17.007312774658203,2.560060352325439
T51E,9.286794900894165,1.1025852606296538
T51F,21.693368911743164,2.2015384922027588
T51G,20.11104106903076,3.15210095500946
T51H,15.80515193939209,1.8607470312118533
T51I,8.254900932312012,0.1539606351852415
T51K,9.456531047821045,1.2931970019340513
T51L,15.127385139465332,1.366470845222473
T51M,15.339152336120605,0.9981770887374877
T51N,15.110235214233398,2.1239841060638422
T51P,29.6940860748291,4.07864248085022
T51Q,10.91194486618042,1.4812320055961608
T51R,9.353144407272339,0.5562059390544889
T51S,11.608041286468506,1.7341659865379333
T51T,0.0,-0.0
T51V,4.942349433898926,0.13364066791534424
T51W,22.049720764160156,1.6402095108032222
T51Y,20.44930362701416,1.7251490259170532
F52A,11.229508399963379,2.45227871799469
F52C,16.01492166519165,2.4931636414527896
F52D,22.500564575195312,4.30058186340332
F52E,19.91718864440918,3.587992353439331
F52F,0.0,-0.0
F52G,10.754311084747314,2.7393751072883608
F52H,16.280051708221436,2.873607497692108
F52I,8.967008113861084,1.201216176509857
F52K,20.21111297607422,3.7966113815307616
F52L,5.392056703567505,0.8988482220172882
F52M,9.053927898406982,1.0308195452690123
F52N,18.366594314575195,3.5401561756134035
F52P,31.32734203338623,5.2594645948410035
F52Q,14.954508304595947,3.011403704166413
F52R,18.718186378479004,2.8581370248794555
F52S,16.97934341430664,3.4570047950744627
F52T,18.484381675720215,3.624235342979431
F52V,14.892322540283203,2.5203867683410643
F52W,9.73888111114502,0.7991377611160277
F52Y,4.6134033203125,0.3729434814453125
T53A,5.702670335769653,0.7068871986865997
T53C,11.771579265594482,0.9338789935111997
T53D,13.1561918258667,2.0016478147506716
T53E,4.655400276184082,0.43103304004669185
T53F,18.45035457611084,1.7313014135360716
T53G,10.75181770324707,1.7950135669708251
T53H,14.275437355041504,1.638938416481018
T53I,8.13205885887146,0.13614853453636167
T53K,4.096487760543823,0.5159907252788543
T53L,12.218039512634277,0.9446157293319701
T53M,10.36072063446045,0.276304491996765
T53N,9.630794525146484,1.3294652061462402
T53P,21.43021583557129,2.880381296157837
T53Q,5.97369384765625,0.7651856079101562
T53R,5.319238662719727,-0.02871039390563973
T53S,2.976653575897217,0.48261476850509644
T53T,0.0,-0.0
T53V,5.825982332229614,0.26176743817329406
T53W,18.629234313964844,1.1442389755249023
T53Y,17.108924865722656,1.2407941055297849
V54A,9.309702396392822,1.8129068474769592
V54C,9.389784812927246,1.1715187978744503
V54D,18.460765838623047,3.3538110466003417
V54E,11.214845180511475,1.9651525511741637
V54F,12.714741706848145,1.482637547492981
V54G,13.863228797912598,2.8291681756973266
V54H,18.967257499694824,2.9022523374557494
V54I,1.219725638628006,-0.2831397823989392
V54K,15.788798332214355,2.794375758171081
V54L,7.9261863231658936,0.9052970168590544
V54M,9.627240180969238,0.7529498262405394
V54N,16.426417350769043,2.897830515861511
V54P,25.33893394470215,4.030145421981811
V54Q,12.062705516815186,2.2310922999382017
V54R,16.642086505889893,2.196102543354034
V54S,14.159486293792725,2.6871255125999447
V54T,12.31144380569458,2.3681593518257142
V54V,0.0,-0.0
V54W,16.936557292938232,1.4818008074760434
V54Y,12.864657878875732,1.208375392436981
T55A,6.776110649108887,0.8625360441207885
T55C,10.956608772277832,0.8157082719802855
T55D,5.914320945739746,0.9515765371322631
T55E,3.7558045387268066,0.3005916581153869
T55F,14.005183696746826,1.0867516360282896
T55G,12.013594627380371,1.9779712209701537
T55H,10.219709873199463,1.050857931613922
T55I,8.960322380065918,0.2562467451095579
T55K,2.273733973503113,0.25169142615795126
T55L,10.480801582336426,0.6927162294387816
T55M,11.824750900268555,0.48858888053894023
T55N,3.7084436416625977,0.47072432804107667
T55P,23.69162940979004,3.2082862644195558
T55Q,5.463550329208374,0.6912147977352141
T55R,5.144516229629517,-0.054045146703720126
T55S,4.002612829208374,0.6313788602352142
T55T,0.0,-0.0
T55V,5.727759838104248,0.24752517652511596
T55W,15.330515384674072,0.6659247307777405
T55Y,13.029613494873047,0.6492939567565916
E56A,8.563624858856201,1.3657256045341493
E56C,13.059008121490479,1.364556177616119
E56D,6.723969221115112,1.3129755370616913
E56E,0.0,-0.0
E56F,16.166893005371094,1.6441994857788085
E56G,12.247395992279053,2.2558724188804624
E56H,15.291157722473145,2.030217869758606
E56I,10.205478191375732,0.6807943377494811
E56K,11.362115383148193,1.813506730556488
E56L,14.83561372756958,1.5681639904975888
E56M,9.701570272445679,0.42472768950462325
E56N,8.839336395263672,1.4587037773132323
E56P,25.08578872680664,3.6544393653869625
E56Q,2.6873735189437866,0.5326691602468491
E56R,12.249340057373047,1.2201543083190916
E56S,8.139437913894653,1.475218497514725
E56T,7.001345634460449,1.259195116996765
E56V,7.543221473693848,0.7547671136856078
E56W,15.902019500732422,0.9927928276062012
E56Y,15.244561195373535,1.2144613733291623
